Sample number,Location name,Latitude,Longitude,Elevation m
BIT-103,Brimstone Peak,-75.8885,158.55,1548.73
BIT-104,Brimstone Peak,-75.8868,158.551,1547.63
BIT-105,Brimstone Peak,-75.887,158.554,1547.47
BIT-106,Brimstone Peak,-75.8712,158.606,1560.67
BIT-107,Brimstone Peak,-75.8868,158.569,1549.02
BIT-108,Brimstone Peak,-75.8651,158.669,1559.9
BIT-109,Brimstone Peak,-75.858,158.654,1550.44
BIT-110,Brimstone Peak,-75.8873,158.67,1542.97
BIT-111,Brimstone Peak,-75.9063,158.576,1542.6
BIT-112,Brimstone Peak,-75.8839,158.477,1560.14
BIT-113,Brimstone Peak,-75.8874,158.552,1547.44
BIT-114,Brimstone Peak,-75.8874,158.553,1547.35
BIT-115,Brimstone Peak,-75.887,158.556,1547.78
BIT-116,Brimstone Peak,-75.8868,158.558,1547.97
BIT-117,Brimstone Peak,-75.8866,158.557,1548.02
BIT-118,Brimstone Peak,-75.8866,158.558,1548.01
BIT-119,Brimstone Peak,-75.8854,158.558,1548.92
BIT-120,Brimstone Peak,-75.8857,158.562,1549.2
BIT-121,Brimstone Peak,-75.8838,158.577,1549.32
BIT-122,Brimstone Peak,-75.8827,158.584,1548.96
