Sample number,Location,size (microns),Glass (%),Crystals (%),comments
BIT-103,Brimstone Peak,1-10,98,2,"clear to lt olive glass, blocky, some rock and tachy (windblown?)"
BIT-104,Brimstone Peak,10-50,50,50,"clear to  olive glass, some tachylitic, cpx, ksp"
BIT-105,Brimstone Peak,5-150,50,50,"clear to olive glass, blocky and some tachylitic"
BIT-106,Brimstone Peak,50-150,80,20,"clear, ""salt and pepper"" glass, free xtals rare, micropheno rich "
BIT-107,Brimstone Peak,1-20,60,40,"clear glass, low RI, ksp and plag (?)"
BIT-108,Brimstone Peak,10-50,90,10,"olive glass, clear to tachylite, round internal vesicles, similar to BIT-122"
BIT-109,Brimstone Peak,30,90,10,"lt green gl, free xtals, round vesicles"
BIT-110,Brimstone Peak,20-50,95,5,"olive shards, clear to tachyl, bubblewalls, droplets and hairs"
BIT-111,Brimstone Peak,5-100,40,60,"free large xtals, micropheno-rich glass, blocky frags."
BIT-112,Brimstone Peak,5-100,40,60,"free large xtals, micropheno-rich glass, blocky frags, identical to BIT-111"
BIT-113,Brimstone Peak,10-80,75,25,"clear to olive glass, few vesicles, free xtals, few microphenos"
BIT-114,Brimstone Peak,5-60,75,25,"clear to lt olive, ""salt and pepper"", no free xtals, micropheno rich"
BIT-115,Brimstone Peak,5-10,99,1,"dk olive, blocky glass frags, some vesicle walls"
BIT-116,Brimstone Peak,20,99,1,"dk olive, blocky glass frags, some vesicle walls, similar to BIT-115"
BIT-117,Brimstone Peak,1-10,98,2,"clear glass, elongate bubble shards"
BIT-118,Brimstone Peak,1-20,85,15,"clear to olive shards, blocky, some bubble wall frags, many free xtals"
BIT-119,Brimstone Peak,1-10,85,15,"clear shards, elongate vesicles"
BIT-120,Brimstone Peak,50-100,25,75,"low RI shards, micropheno rich, elongate vesicles, many free xtals include. ksp"
BIT-121,Brimstone Peak,10-30,90,10,"clear blocky shards, free xtals, few vesicles"
BIT-122,Brimstone Peak,10-50,90,10,"clear to olive glass, blocky to spherical vesicle shards, internal vesicles, droplets, hairs"
